"","df.component","df.ts_cam...df.ts_end","df.ts_lidar...df.ts_end","df.ts_radar...df.ts_end"
"1","RadarDetectionComponent::Proc",-1656143617454769664,-1656143617454769664,-12360448
"2","FusionComponent::Proc",-1656143617454842112,-1656143617454842112,-1656143617454842112
"3","DetectionComponent::Proc",-1656143617466382336,-1656143617466382336,-1656143617466382336
"4","FusionCameraDetectionComponent::OnReceiveImage",-1656143617492769280,-1656143617492769280,-1656143617492769280
"5","DetectionComponent::Proc",-1656143617508120064,-1656143617508120064,-1656143617508120064
"6","FusionCameraDetectionComponent::OnReceiveImage",-10645504,-1656143617564221440,-1656143617564221440
"7","FusionComponent::Proc",-1656143617564292864,-1656143617564292864,-1656143617564292864
"8","RadarDetectionComponent::Proc",-1656143617575629312,-1656143617575629312,-12792320
"9","FusionComponent::Proc",-1656143617575727872,-1656143617575727872,-1656143617575727872
"10","FusionCameraDetectionComponent::OnReceiveImage",-40512000,-1656143617604778496,-1656143617604778496
